station_id,phase_time,phase_score,phase_type,dt
C,2017-03-03 06:00:18.328,0.338,P,0.01
C,2017-03-03 06:00:31.898,0.301,P,0.01
C,2017-03-03 06:07:13.398,0.448,P,0.01
C,2017-03-03 06:07:30.078,0.347,P,0.01
C,2017-03-03 06:09:40.798,0.306,P,0.01
C,2017-03-03 06:25:01.878,0.578,P,0.01
C,2017-03-03 06:28:52.368,0.521,P,0.01
C,2017-03-03 06:29:25.378,0.787,P,0.01
C,2017-03-03 06:30:13.678,0.414,P,0.01
C,2017-03-03 06:42:52.218,0.364,P,0.01
C,2017-03-03 06:44:06.318,0.345,P,0.01
C,2017-03-03 06:51:58.888,0.31,P,0.01
C,2017-03-03 06:52:41.058,0.303,P,0.01
C,2017-03-03 07:01:58.938,0.406,P,0.01
C,2017-03-03 07:03:11.478,0.514,P,0.01
C,2017-03-03 07:04:56.698,0.463,P,0.01
C,2017-03-03 07:08:28.118,0.677,P,0.01
C,2017-03-03 07:34:32.918,0.383,P,0.01
C,2017-03-03 07:35:10.608,0.517,P,0.01
C,2017-03-03 07:42:52.338,0.484,P,0.01
C,2017-03-03 07:48:09.688,0.849,P,0.01
C,2017-03-03 07:56:03.778,0.384,P,0.01
C,2017-03-03 07:58:04.138,0.592,P,0.01
C,2017-03-03 07:59:20.558,0.502,P,0.01
C,2017-03-03 07:59:45.608,0.376,P,0.01
C,2017-03-03 08:04:28.098,0.747,P,0.01
C,2017-03-03 08:13:39.248,0.339,P,0.01
C,2017-03-03 08:14:22.158,0.329,P,0.01
C,2017-03-03 08:15:51.378,0.406,P,0.01
C,2017-03-03 08:27:12.168,0.58,P,0.01
C,2017-03-03 08:28:18.498,0.324,P,0.01
C,2017-03-03 08:32:32.698,0.351,P,0.01
C,2017-03-03 08:35:01.258,0.361,P,0.01
C,2017-03-03 08:37:21.568,0.746,P,0.01
C,2017-03-03 08:38:08.578,0.513,P,0.01
C,2017-03-03 08:40:18.838,0.343,P,0.01
C,2017-03-03 08:40:32.608,0.412,P,0.01
C,2017-03-03 08:46:24.678,0.329,P,0.01
C,2017-03-03 08:47:48.938,0.718,P,0.01
C,2017-03-03 09:00:24.118,0.329,P,0.01
C,2017-03-03 09:01:30.358,0.373,P,0.01
C,2017-03-03 09:13:10.538,0.321,P,0.01
C,2017-03-03 09:26:13.878,0.483,P,0.01
C,2017-03-03 09:31:54.618,0.641,P,0.01
C,2017-03-03 09:34:27.518,0.356,P,0.01
C,2017-03-03 09:40:51.638,0.657,P,0.01
C,2017-03-03 09:42:03.678,0.309,P,0.01
C,2017-03-03 09:46:37.938,0.306,P,0.01
C,2017-03-03 09:48:10.278,0.479,P,0.01
C,2017-03-03 09:51:11.938,0.542,P,0.01
C,2017-03-03 09:55:44.618,0.45,P,0.01
C,2017-03-03 09:59:15.698,0.43,P,0.01
C,2017-03-03 10:07:32.438,0.354,P,0.01
C,2017-03-03 10:08:08.958,0.499,P,0.01
C,2017-03-03 10:21:20.848,0.319,P,0.01
C,2017-03-03 10:33:03.338,0.312,P,0.01
C,2017-03-03 10:45:56.158,0.385,P,0.01
C,2017-03-03 10:46:07.518,0.348,P,0.01
C,2017-03-03 10:50:39.698,0.305,P,0.01
C,2017-03-03 10:54:28.008,0.332,P,0.01
C,2017-03-03 10:57:44.538,0.438,P,0.01
C,2017-03-03 11:12:39.728,0.491,P,0.01
C,2017-03-03 11:13:58.518,0.321,P,0.01
C,2017-03-03 11:14:51.858,0.49,P,0.01
C,2017-03-03 11:16:03.898,0.358,P,0.01
C,2017-03-03 11:16:51.898,0.496,P,0.01
C,2017-03-03 11:26:29.558,0.751,P,0.01
C,2017-03-03 11:27:44.008,0.379,P,0.01
C,2017-03-03 11:30:08.608,0.359,P,0.01
C,2017-03-03 11:33:17.048,0.375,P,0.01
C,2017-03-03 11:51:00.678,0.328,P,0.01
C,2017-03-03 11:53:35.278,0.4,P,0.01
C,2017-03-03 11:54:09.198,0.797,P,0.01
C,2017-03-03 11:57:16.938,0.451,P,0.01
C,2017-03-03 12:00:00.128,0.451,P,0.01
C,2017-03-03 12:00:34.338,0.327,P,0.01
C,2017-03-03 12:00:41.638,0.303,P,0.01
C,2017-03-03 12:06:48.458,0.305,P,0.01
C,2017-03-03 12:08:27.088,0.501,P,0.01
C,2017-03-03 12:19:10.618,0.35,P,0.01
C,2017-03-03 12:23:20.478,0.301,P,0.01
C,2017-03-03 12:25:43.798,0.363,P,0.01
C,2017-03-03 12:26:47.178,0.484,P,0.01
C,2017-03-03 12:27:01.578,0.371,P,0.01
C,2017-03-03 12:39:12.938,0.796,P,0.01
C,2017-03-03 12:41:45.768,0.498,P,0.01
C,2017-03-03 12:56:28.248,0.396,P,0.01
C,2017-03-03 13:18:42.418,0.521,P,0.01
C,2017-03-03 13:25:39.818,0.67,P,0.01
C,2017-03-03 13:31:04.808,0.669,P,0.01
C,2017-03-03 13:31:20.538,0.641,P,0.01
C,2017-03-03 13:36:24.178,0.415,P,0.01
C,2017-03-03 13:40:14.448,0.434,P,0.01
C,2017-03-03 13:43:46.878,0.321,P,0.01
C,2017-03-03 13:45:53.978,0.412,P,0.01
C,2017-03-03 13:46:05.008,0.793,P,0.01
C,2017-03-03 14:15:54.978,0.426,P,0.01
C,2017-03-03 14:21:20.848,0.623,P,0.01
C,2017-03-03 14:38:04.058,0.337,P,0.01
C,2017-03-03 14:40:14.448,0.338,P,0.01
C,2017-03-03 14:42:47.328,0.315,P,0.01
C,2017-03-03 14:45:49.768,0.369,P,0.01
C,2017-03-03 14:51:49.678,0.705,P,0.01
C,2017-03-03 14:53:11.618,0.325,P,0.01
C,2017-03-03 14:53:25.578,0.593,P,0.01
C,2017-03-03 14:53:44.698,0.369,P,0.01
C,2017-03-03 15:01:25.518,0.3,P,0.01
C,2017-03-03 15:02:13.598,0.302,P,0.01
C,2017-03-03 15:07:39.958,0.492,P,0.01
C,2017-03-03 15:08:28.008,0.462,P,0.01
C,2017-03-03 15:09:16.208,0.335,P,0.01
C,2017-03-03 15:15:59.528,0.446,P,0.01
C,2017-03-03 15:25:54.358,0.515,P,0.01
C,2017-03-03 15:35:25.928,0.304,P,0.01
C,2017-03-03 15:46:25.358,0.489,P,0.01
C,2017-03-03 15:49:39.858,0.352,P,0.01
C,2017-03-03 15:53:54.138,0.597,P,0.01
C,2017-03-03 15:58:17.898,0.433,P,0.01
C,2017-03-03 15:58:24.098,0.708,P,0.01
C,2017-03-03 16:02:22.698,0.339,P,0.01
C,2017-03-03 16:09:13.578,0.349,P,0.01
C,2017-03-03 16:09:31.408,0.335,P,0.01
C,2017-03-03 16:09:35.258,0.492,P,0.01
C,2017-03-03 16:14:56.138,0.436,P,0.01
C,2017-03-03 16:16:24.048,0.91,P,0.01
C,2017-03-03 16:22:29.338,0.352,P,0.01
C,2017-03-03 16:24:47.378,0.447,P,0.01
C,2017-03-03 16:27:27.678,0.461,P,0.01
C,2017-03-03 16:32:23.398,0.632,P,0.01
C,2017-03-03 16:43:34.888,0.471,P,0.01
C,2017-03-03 16:45:30.098,0.352,P,0.01
C,2017-03-03 16:51:37.098,0.359,P,0.01
C,2017-03-03 16:55:40.298,0.305,P,0.01
C,2017-03-03 17:03:07.968,0.413,P,0.01
C,2017-03-03 17:03:19.498,0.401,P,0.01
C,2017-03-03 17:10:17.538,0.429,P,0.01
C,2017-03-03 17:14:13.428,0.372,P,0.01
C,2017-03-03 17:15:35.438,0.451,P,0.01
C,2017-03-03 17:21:44.098,0.453,P,0.01
C,2017-03-03 17:24:08.538,0.38,P,0.01
C,2017-03-03 17:29:40.248,0.358,P,0.01
C,2017-03-03 17:30:51.768,0.316,P,0.01
C,2017-03-03 17:41:10.998,0.811,P,0.01
C,2017-03-03 17:44:13.888,0.501,P,0.01
C,2017-03-03 17:44:23.088,0.445,P,0.01
C,2017-03-03 17:50:22.808,0.64,P,0.01
C,2017-03-03 18:07:16.318,0.333,P,0.01
C,2017-03-03 18:09:55.178,0.551,P,0.01
C,2017-03-03 18:13:39.848,0.44,P,0.01
C,2017-03-03 18:19:51.398,0.304,P,0.01
C,2017-03-03 18:21:06.338,0.308,P,0.01
C,2017-03-03 18:28:08.638,0.447,P,0.01
C,2017-03-03 18:33:53.618,0.306,P,0.01
C,2017-03-03 18:39:58.298,0.415,P,0.01
C,2017-03-03 18:42:23.278,0.49,P,0.01
C,2017-03-03 18:46:32.778,0.523,P,0.01
C,2017-03-03 18:58:53.518,0.428,P,0.01
C,2017-03-03 19:00:51.438,0.399,P,0.01
C,2017-03-03 19:08:18.528,0.458,P,0.01
C,2017-03-03 19:08:22.408,0.48,P,0.01
C,2017-03-03 19:12:23.618,0.51,P,0.01
C,2017-03-03 19:28:32.378,0.416,P,0.01
C,2017-03-03 19:31:40.658,0.505,P,0.01
C,2017-03-03 19:40:08.848,0.841,P,0.01
C,2017-03-03 19:41:35.158,0.332,P,0.01
C,2017-03-03 19:48:27.418,0.546,P,0.01
C,2017-03-03 19:57:58.238,0.414,P,0.01
C,2017-03-03 19:58:38.008,0.553,P,0.01
C,2017-03-03 20:20:37.888,0.458,P,0.01
C,2017-03-03 20:25:25.178,0.399,P,0.01
C,2017-03-03 20:27:35.618,0.328,P,0.01
C,2017-03-03 20:38:22.378,0.422,P,0.01
C,2017-03-03 20:40:43.938,0.311,P,0.01
C,2017-03-03 20:46:37.458,0.357,P,0.01
C,2017-03-03 20:58:38.378,0.383,P,0.01
C,2017-03-03 20:59:58.918,0.352,P,0.01
C,2017-03-03 06:00:18.798,0.338,S,0.01
C,2017-03-03 06:02:18.078,0.319,S,0.01
C,2017-03-03 06:07:15.658,0.504,S,0.01
C,2017-03-03 06:07:35.338,0.668,S,0.01
C,2017-03-03 06:09:45.218,0.425,S,0.01
C,2017-03-03 06:12:32.778,0.39,S,0.01
C,2017-03-03 06:13:47.288,0.422,S,0.01
C,2017-03-03 06:14:52.058,0.412,S,0.01
C,2017-03-03 06:18:42.138,0.406,S,0.01
C,2017-03-03 06:20:57.078,0.301,S,0.01
C,2017-03-03 06:23:51.238,0.441,S,0.01
C,2017-03-03 06:25:06.648,0.398,S,0.01
C,2017-03-03 06:25:28.078,0.312,S,0.01
C,2017-03-03 06:25:49.668,0.647,S,0.01
C,2017-03-03 06:28:53.418,0.509,S,0.01
C,2017-03-03 06:29:26.068,0.478,S,0.01
C,2017-03-03 06:29:54.688,0.354,S,0.01
C,2017-03-03 06:30:14.108,0.709,S,0.01
C,2017-03-03 06:33:33.598,0.382,S,0.01
C,2017-03-03 06:33:40.498,0.348,S,0.01
C,2017-03-03 06:34:23.618,0.714,S,0.01
C,2017-03-03 06:37:59.828,0.452,S,0.01
C,2017-03-03 06:43:49.088,0.374,S,0.01
C,2017-03-03 06:47:20.688,0.449,S,0.01
C,2017-03-03 06:48:23.318,0.335,S,0.01
C,2017-03-03 06:50:42.238,0.385,S,0.01
C,2017-03-03 06:51:59.418,0.386,S,0.01
C,2017-03-03 06:53:06.218,0.677,S,0.01
C,2017-03-03 06:59:16.248,0.311,S,0.01
C,2017-03-03 07:02:37.898,0.451,S,0.01
C,2017-03-03 07:03:13.688,0.547,S,0.01
C,2017-03-03 07:05:49.518,0.42,S,0.01
C,2017-03-03 07:08:28.778,0.337,S,0.01
C,2017-03-03 07:09:30.398,0.327,S,0.01
C,2017-03-03 07:11:11.178,0.568,S,0.01
C,2017-03-03 07:11:35.318,0.417,S,0.01
C,2017-03-03 07:12:47.838,0.353,S,0.01
C,2017-03-03 07:12:57.158,0.327,S,0.01
C,2017-03-03 07:13:11.638,0.316,S,0.01
C,2017-03-03 07:13:49.578,0.428,S,0.01
C,2017-03-03 07:15:26.008,0.41,S,0.01
C,2017-03-03 07:15:35.258,0.427,S,0.01
C,2017-03-03 07:18:37.858,0.486,S,0.01
C,2017-03-03 07:22:37.548,0.531,S,0.01
C,2017-03-03 07:24:22.858,0.481,S,0.01
C,2017-03-03 07:24:42.318,0.412,S,0.01
C,2017-03-03 07:26:08.478,0.37,S,0.01
C,2017-03-03 07:26:27.978,0.332,S,0.01
C,2017-03-03 07:30:57.018,0.765,S,0.01
C,2017-03-03 07:38:42.538,0.655,S,0.01
C,2017-03-03 07:39:30.828,0.467,S,0.01
C,2017-03-03 07:39:40.398,0.328,S,0.01
C,2017-03-03 07:42:56.768,0.631,S,0.01
C,2017-03-03 07:44:18.748,0.678,S,0.01
C,2017-03-03 07:47:20.558,0.321,S,0.01
C,2017-03-03 07:48:01.288,0.497,S,0.01
C,2017-03-03 07:48:13.558,0.436,S,0.01
C,2017-03-03 07:49:06.758,0.433,S,0.01
C,2017-03-03 07:53:39.738,0.476,S,0.01
C,2017-03-03 07:56:04.388,0.84,S,0.01
C,2017-03-03 07:56:37.728,0.325,S,0.01
C,2017-03-03 07:58:27.818,0.447,S,0.01
C,2017-03-03 08:01:15.678,0.341,S,0.01
C,2017-03-03 08:01:40.298,0.37,S,0.01
C,2017-03-03 08:03:16.118,0.322,S,0.01
C,2017-03-03 08:08:52.118,0.445,S,0.01
C,2017-03-03 08:09:35.368,0.498,S,0.01
C,2017-03-03 08:13:30.008,0.449,S,0.01
C,2017-03-03 08:14:13.818,0.594,S,0.01
C,2017-03-03 08:15:11.438,0.351,S,0.01
C,2017-03-03 08:22:27.958,0.305,S,0.01
C,2017-03-03 08:24:04.398,0.326,S,0.01
C,2017-03-03 08:24:37.848,0.439,S,0.01
C,2017-03-03 08:25:01.118,0.434,S,0.01
C,2017-03-03 08:26:42.808,0.73,S,0.01
C,2017-03-03 08:27:16.108,0.652,S,0.01
C,2017-03-03 08:29:10.798,0.365,S,0.01
C,2017-03-03 08:31:20.878,0.416,S,0.01
C,2017-03-03 08:32:22.678,0.367,S,0.01
C,2017-03-03 08:34:04.358,0.323,S,0.01
C,2017-03-03 08:35:33.288,0.503,S,0.01
C,2017-03-03 08:37:16.478,0.323,S,0.01
C,2017-03-03 08:37:25.098,0.317,S,0.01
C,2017-03-03 08:37:25.658,0.342,S,0.01
C,2017-03-03 08:38:09.408,0.468,S,0.01
C,2017-03-03 08:40:42.298,0.424,S,0.01
C,2017-03-03 08:42:56.878,0.312,S,0.01
C,2017-03-03 08:45:21.518,0.336,S,0.01
C,2017-03-03 08:46:18.318,0.361,S,0.01
C,2017-03-03 08:47:01.518,0.347,S,0.01
C,2017-03-03 08:47:49.978,0.389,S,0.01
C,2017-03-03 08:49:11.028,0.366,S,0.01
C,2017-03-03 08:49:17.438,0.3,S,0.01
C,2017-03-03 08:50:23.858,0.363,S,0.01
C,2017-03-03 08:50:42.458,0.345,S,0.01
C,2017-03-03 08:53:25.338,0.407,S,0.01
C,2017-03-03 08:54:52.218,0.621,S,0.01
C,2017-03-03 08:55:49.418,0.409,S,0.01
C,2017-03-03 08:59:59.178,0.484,S,0.01
C,2017-03-03 09:00:28.438,0.431,S,0.01
C,2017-03-03 09:01:31.028,0.723,S,0.01
C,2017-03-03 09:02:22.938,0.388,S,0.01
C,2017-03-03 09:04:34.138,0.588,S,0.01
C,2017-03-03 09:07:01.348,0.452,S,0.01
C,2017-03-03 09:07:11.738,0.343,S,0.01
C,2017-03-03 09:07:16.538,0.358,S,0.01
C,2017-03-03 09:08:01.618,0.348,S,0.01
C,2017-03-03 09:10:42.318,0.319,S,0.01
C,2017-03-03 09:12:46.678,0.307,S,0.01
C,2017-03-03 09:13:06.858,0.435,S,0.01
C,2017-03-03 09:13:49.938,0.461,S,0.01
C,2017-03-03 09:20:13.798,0.399,S,0.01
C,2017-03-03 09:26:18.798,0.405,S,0.01
C,2017-03-03 09:31:55.498,0.766,S,0.01
C,2017-03-03 09:33:39.658,0.448,S,0.01
C,2017-03-03 09:33:45.338,0.508,S,0.01
C,2017-03-03 09:34:30.358,0.399,S,0.01
C,2017-03-03 09:35:06.568,0.62,S,0.01
C,2017-03-03 09:35:35.348,0.335,S,0.01
C,2017-03-03 09:37:16.338,0.339,S,0.01
C,2017-03-03 09:37:54.368,0.361,S,0.01
C,2017-03-03 09:38:23.128,0.317,S,0.01
C,2017-03-03 09:38:42.398,0.383,S,0.01
C,2017-03-03 09:39:30.178,0.408,S,0.01
C,2017-03-03 09:40:52.358,0.672,S,0.01
C,2017-03-03 09:44:10.558,0.326,S,0.01
C,2017-03-03 09:46:13.078,0.405,S,0.01
C,2017-03-03 09:46:32.758,0.409,S,0.01
C,2017-03-03 09:48:13.438,0.414,S,0.01
C,2017-03-03 09:48:52.298,0.698,S,0.01
C,2017-03-03 09:49:25.608,0.483,S,0.01
C,2017-03-03 09:49:54.358,0.471,S,0.01
C,2017-03-03 09:50:23.048,0.545,S,0.01
C,2017-03-03 09:51:59.578,0.673,S,0.01
C,2017-03-03 09:56:37.288,0.563,S,0.01
C,2017-03-03 09:57:18.398,0.362,S,0.01
C,2017-03-03 09:59:11.338,0.432,S,0.01
C,2017-03-03 10:07:45.738,0.544,S,0.01
C,2017-03-03 10:08:13.948,0.631,S,0.01
C,2017-03-03 10:08:32.488,0.461,S,0.01
C,2017-03-03 10:09:12.358,0.309,S,0.01
C,2017-03-03 10:09:21.038,0.307,S,0.01
C,2017-03-03 10:12:13.338,0.52,S,0.01
C,2017-03-03 10:14:32.698,0.589,S,0.01
C,2017-03-03 10:25:40.058,0.44,S,0.01
C,2017-03-03 10:28:52.218,0.485,S,0.01
C,2017-03-03 10:31:39.898,0.313,S,0.01
C,2017-03-03 10:33:06.688,0.313,S,0.01
C,2017-03-03 10:33:58.798,0.362,S,0.01
C,2017-03-03 10:35:16.168,0.566,S,0.01
C,2017-03-03 10:37:54.678,0.419,S,0.01
C,2017-03-03 10:38:23.418,0.74,S,0.01
C,2017-03-03 10:40:52.088,0.391,S,0.01
C,2017-03-03 10:43:06.298,0.57,S,0.01
C,2017-03-03 10:45:39.888,0.368,S,0.01
C,2017-03-03 10:45:59.738,0.643,S,0.01
C,2017-03-03 10:50:42.808,0.429,S,0.01
C,2017-03-03 10:52:15.998,0.418,S,0.01
C,2017-03-03 10:54:23.758,0.389,S,0.01
C,2017-03-03 10:54:28.638,0.451,S,0.01
C,2017-03-03 10:57:34.838,0.303,S,0.01
C,2017-03-03 11:01:30.088,0.636,S,0.01
C,2017-03-03 11:10:56.778,0.413,S,0.01
C,2017-03-03 11:11:50.058,0.553,S,0.01
C,2017-03-03 11:12:28.138,0.738,S,0.01
C,2017-03-03 11:12:42.858,0.496,S,0.01
C,2017-03-03 11:13:59.598,0.373,S,0.01
C,2017-03-03 11:14:08.878,0.314,S,0.01
C,2017-03-03 11:16:13.538,0.544,S,0.01
C,2017-03-03 11:17:02.518,0.356,S,0.01
C,2017-03-03 11:17:59.518,0.302,S,0.01
C,2017-03-03 11:19:59.718,0.421,S,0.01
C,2017-03-03 11:21:39.738,0.546,S,0.01
C,2017-03-03 11:23:20.538,0.448,S,0.01
C,2017-03-03 11:24:33.038,0.302,S,0.01
C,2017-03-03 11:27:45.178,0.783,S,0.01
C,2017-03-03 11:30:18.078,0.311,S,0.01
C,2017-03-03 11:32:42.798,0.382,S,0.01
C,2017-03-03 11:33:01.928,0.452,S,0.01
C,2017-03-03 11:33:21.118,0.435,S,0.01
C,2017-03-03 11:34:33.018,0.409,S,0.01
C,2017-03-03 11:35:10.798,0.317,S,0.01
C,2017-03-03 11:37:07.058,0.518,S,0.01
C,2017-03-03 11:37:53.818,0.629,S,0.01
C,2017-03-03 11:38:27.998,0.38,S,0.01
C,2017-03-03 11:39:15.848,0.333,S,0.01
C,2017-03-03 11:44:42.238,0.335,S,0.01
C,2017-03-03 11:50:35.538,0.392,S,0.01
C,2017-03-03 11:50:57.258,0.475,S,0.01
C,2017-03-03 11:52:53.238,0.344,S,0.01
C,2017-03-03 11:53:35.778,0.374,S,0.01
C,2017-03-03 11:54:10.458,0.365,S,0.01
C,2017-03-03 11:54:27.738,0.484,S,0.01
C,2017-03-03 11:57:10.878,0.373,S,0.01
C,2017-03-03 11:57:25.688,0.474,S,0.01
C,2017-03-03 11:59:45.118,0.374,S,0.01
C,2017-03-03 12:00:14.238,0.41,S,0.01
C,2017-03-03 12:00:37.928,0.513,S,0.01
C,2017-03-03 12:03:44.618,0.775,S,0.01
C,2017-03-03 12:04:47.668,0.336,S,0.01
C,2017-03-03 12:05:59.418,0.328,S,0.01
C,2017-03-03 12:06:51.838,0.414,S,0.01
C,2017-03-03 12:07:44.668,0.36,S,0.01
C,2017-03-03 12:10:04.218,0.567,S,0.01
C,2017-03-03 12:10:17.998,0.322,S,0.01
C,2017-03-03 12:10:28.078,0.356,S,0.01
C,2017-03-03 12:17:35.458,0.399,S,0.01
C,2017-03-03 12:17:59.208,0.556,S,0.01
C,2017-03-03 12:19:15.808,0.425,S,0.01
C,2017-03-03 12:20:57.038,0.347,S,0.01
C,2017-03-03 12:23:21.128,0.449,S,0.01
C,2017-03-03 12:25:49.518,0.544,S,0.01
C,2017-03-03 12:26:47.818,0.57,S,0.01
C,2017-03-03 12:29:35.048,0.642,S,0.01
C,2017-03-03 12:39:16.048,0.728,S,0.01
C,2017-03-03 12:39:49.948,0.574,S,0.01
C,2017-03-03 12:40:03.888,0.469,S,0.01
C,2017-03-03 12:41:49.218,0.374,S,0.01
C,2017-03-03 12:42:37.698,0.367,S,0.01
C,2017-03-03 12:43:44.538,0.54,S,0.01
C,2017-03-03 12:43:54.848,0.31,S,0.01
C,2017-03-03 12:45:58.938,0.34,S,0.01
C,2017-03-03 12:46:37.988,0.738,S,0.01
C,2017-03-03 12:47:59.518,0.315,S,0.01
C,2017-03-03 12:48:29.208,0.356,S,0.01
C,2017-03-03 12:53:30.678,0.308,S,0.01
C,2017-03-03 12:55:30.818,0.539,S,0.01
C,2017-03-03 12:55:35.678,0.441,S,0.01
C,2017-03-03 12:56:52.008,0.719,S,0.01
C,2017-03-03 12:57:01.198,0.382,S,0.01
C,2017-03-03 13:00:32.598,0.439,S,0.01
C,2017-03-03 13:02:32.938,0.371,S,0.01
C,2017-03-03 13:03:59.598,0.403,S,0.01
C,2017-03-03 13:09:16.058,0.316,S,0.01
C,2017-03-03 13:09:54.408,0.58,S,0.01
C,2017-03-03 13:10:27.678,0.326,S,0.01
C,2017-03-03 13:11:39.658,0.438,S,0.01
C,2017-03-03 13:14:18.718,0.32,S,0.01
C,2017-03-03 13:14:28.298,0.483,S,0.01
C,2017-03-03 13:18:37.268,0.593,S,0.01
C,2017-03-03 13:19:06.368,0.508,S,0.01
C,2017-03-03 13:22:33.258,0.603,S,0.01
C,2017-03-03 13:25:40.458,0.645,S,0.01
C,2017-03-03 13:26:02.598,0.535,S,0.01
C,2017-03-03 13:26:46.878,0.389,S,0.01
C,2017-03-03 13:28:04.198,0.349,S,0.01
C,2017-03-03 13:29:39.638,0.522,S,0.01
C,2017-03-03 13:31:06.808,0.682,S,0.01
C,2017-03-03 13:31:25.448,0.456,S,0.01
C,2017-03-03 13:31:35.418,0.501,S,0.01
C,2017-03-03 13:33:10.998,0.397,S,0.01
C,2017-03-03 13:34:47.158,0.316,S,0.01
C,2017-03-03 13:35:32.808,0.415,S,0.01
C,2017-03-03 13:36:28.118,0.356,S,0.01
C,2017-03-03 13:36:56.888,0.513,S,0.01
C,2017-03-03 13:42:53.428,0.547,S,0.01
C,2017-03-03 13:43:49.688,0.426,S,0.01
C,2017-03-03 13:44:13.898,0.499,S,0.01
C,2017-03-03 13:44:47.328,0.418,S,0.01
C,2017-03-03 13:45:59.258,0.565,S,0.01
C,2017-03-03 13:46:08.958,0.327,S,0.01
C,2017-03-03 13:48:04.168,0.725,S,0.01
C,2017-03-03 13:48:18.398,0.37,S,0.01
C,2017-03-03 13:50:38.688,0.382,S,0.01
C,2017-03-03 13:51:02.398,0.354,S,0.01
C,2017-03-03 13:51:54.218,0.337,S,0.01
C,2017-03-03 13:52:13.288,0.491,S,0.01
C,2017-03-03 13:56:08.988,0.507,S,0.01
C,2017-03-03 13:57:16.248,0.437,S,0.01
C,2017-03-03 13:58:42.678,0.307,S,0.01
C,2017-03-03 14:04:52.388,0.534,S,0.01
C,2017-03-03 14:12:42.178,0.344,S,0.01
C,2017-03-03 14:14:47.198,0.347,S,0.01
C,2017-03-03 14:15:06.458,0.367,S,0.01
C,2017-03-03 14:15:59.158,0.335,S,0.01
C,2017-03-03 14:17:59.118,0.31,S,0.01
C,2017-03-03 14:21:16.298,0.439,S,0.01
C,2017-03-03 14:21:21.318,0.884,S,0.01
C,2017-03-03 14:21:59.318,0.329,S,0.01
C,2017-03-03 14:28:56.858,0.404,S,0.01
C,2017-03-03 14:37:40.218,0.745,S,0.01
C,2017-03-03 14:38:04.478,0.354,S,0.01
C,2017-03-03 14:42:47.618,0.643,S,0.01
C,2017-03-03 14:43:01.578,0.313,S,0.01
C,2017-03-03 14:44:42.008,0.34,S,0.01
C,2017-03-03 14:46:23.858,0.376,S,0.01
C,2017-03-03 14:47:54.238,0.308,S,0.01
C,2017-03-03 14:47:59.898,0.558,S,0.01
C,2017-03-03 14:51:50.228,0.826,S,0.01
C,2017-03-03 14:53:30.458,0.482,S,0.01
C,2017-03-03 14:53:39.358,0.367,S,0.01
C,2017-03-03 15:01:30.538,0.662,S,0.01
C,2017-03-03 15:03:11.518,0.403,S,0.01
C,2017-03-03 15:06:56.698,0.4,S,0.01
C,2017-03-03 15:07:40.368,0.543,S,0.01
C,2017-03-03 15:08:38.418,0.463,S,0.01
C,2017-03-03 15:09:06.738,0.386,S,0.01
C,2017-03-03 15:10:03.758,0.326,S,0.01
C,2017-03-03 15:14:18.298,0.539,S,0.01
C,2017-03-03 15:16:03.798,0.324,S,0.01
C,2017-03-03 15:16:37.938,0.381,S,0.01
C,2017-03-03 15:18:23.488,0.71,S,0.01
C,2017-03-03 15:20:47.518,0.351,S,0.01
C,2017-03-03 15:21:11.418,0.51,S,0.01
C,2017-03-03 15:22:13.078,0.389,S,0.01
C,2017-03-03 15:22:28.378,0.645,S,0.01
C,2017-03-03 15:25:54.938,0.661,S,0.01
C,2017-03-03 15:26:23.338,0.507,S,0.01
C,2017-03-03 15:26:46.878,0.315,S,0.01
C,2017-03-03 15:29:32.438,0.447,S,0.01
C,2017-03-03 15:30:13.938,0.313,S,0.01
C,2017-03-03 15:34:59.118,0.322,S,0.01
C,2017-03-03 15:35:20.298,0.569,S,0.01
C,2017-03-03 15:35:26.578,0.658,S,0.01
C,2017-03-03 15:39:11.098,0.602,S,0.01
C,2017-03-03 15:40:47.118,0.411,S,0.01
C,2017-03-03 15:41:16.058,0.563,S,0.01
C,2017-03-03 15:45:01.838,0.314,S,0.01
C,2017-03-03 15:46:13.698,0.308,S,0.01
C,2017-03-03 15:47:06.568,0.388,S,0.01
C,2017-03-03 15:50:42.898,0.394,S,0.01
C,2017-03-03 15:54:33.878,0.329,S,0.01
C,2017-03-03 15:56:32.858,0.574,S,0.01
C,2017-03-03 15:57:11.318,0.348,S,0.01
C,2017-03-03 15:58:18.778,0.607,S,0.01
C,2017-03-03 16:09:16.338,0.599,S,0.01
C,2017-03-03 16:09:40.278,0.361,S,0.01
C,2017-03-03 16:13:01.898,0.532,S,0.01
C,2017-03-03 16:14:13.988,0.65,S,0.01
C,2017-03-03 16:15:59.018,0.56,S,0.01
C,2017-03-03 16:16:27.998,0.47,S,0.01
C,2017-03-03 16:22:32.858,0.322,S,0.01
C,2017-03-03 16:23:01.958,0.463,S,0.01
C,2017-03-03 16:26:52.138,0.532,S,0.01
C,2017-03-03 16:27:30.688,0.563,S,0.01
C,2017-03-03 16:27:39.888,0.322,S,0.01
C,2017-03-03 16:32:56.858,0.38,S,0.01
C,2017-03-03 16:35:44.918,0.373,S,0.01
C,2017-03-03 16:41:15.918,0.307,S,0.01
C,2017-03-03 16:43:35.458,0.717,S,0.01
C,2017-03-03 16:45:30.958,0.585,S,0.01
C,2017-03-03 16:48:22.838,0.317,S,0.01
C,2017-03-03 16:57:11.578,0.738,S,0.01
C,2017-03-03 17:00:47.568,0.375,S,0.01
C,2017-03-03 17:01:30.518,0.428,S,0.01
C,2017-03-03 17:01:54.358,0.408,S,0.01
C,2017-03-03 17:03:11.258,0.596,S,0.01
C,2017-03-03 17:03:21.148,0.53,S,0.01
C,2017-03-03 17:05:11.018,0.512,S,0.01
C,2017-03-03 17:06:13.388,0.518,S,0.01
C,2017-03-03 17:09:59.038,0.325,S,0.01
C,2017-03-03 17:13:25.648,0.319,S,0.01
C,2017-03-03 17:14:09.048,0.373,S,0.01
C,2017-03-03 17:15:30.648,0.479,S,0.01
C,2017-03-03 17:15:40.138,0.646,S,0.01
C,2017-03-03 17:16:13.848,0.31,S,0.01
C,2017-03-03 17:21:46.098,0.319,S,0.01
C,2017-03-03 17:23:30.488,0.426,S,0.01
C,2017-03-03 17:27:35.638,0.367,S,0.01
C,2017-03-03 17:27:54.318,0.386,S,0.01
C,2017-03-03 17:29:40.878,0.344,S,0.01
C,2017-03-03 17:31:01.998,0.321,S,0.01
C,2017-03-03 17:40:33.118,0.311,S,0.01
C,2017-03-03 17:41:11.538,0.581,S,0.01
C,2017-03-03 17:43:01.418,0.31,S,0.01
C,2017-03-03 17:43:16.908,0.349,S,0.01
C,2017-03-03 17:44:14.278,0.429,S,0.01
C,2017-03-03 17:46:51.978,0.413,S,0.01
C,2017-03-03 17:50:23.568,0.692,S,0.01
C,2017-03-03 17:51:49.748,0.542,S,0.01
C,2017-03-03 17:52:18.218,0.54,S,0.01
C,2017-03-03 17:54:04.718,0.381,S,0.01
C,2017-03-03 17:58:56.718,0.328,S,0.01
C,2017-03-03 18:01:21.098,0.47,S,0.01
C,2017-03-03 18:07:10.938,0.453,S,0.01
C,2017-03-03 18:07:16.638,0.464,S,0.01
C,2017-03-03 18:09:59.258,0.634,S,0.01
C,2017-03-03 18:11:34.958,0.535,S,0.01
C,2017-03-03 18:11:35.678,0.302,S,0.01
C,2017-03-03 18:14:23.418,0.436,S,0.01
C,2017-03-03 18:14:33.358,0.399,S,0.01
C,2017-03-03 18:14:57.458,0.612,S,0.01
C,2017-03-03 18:15:20.698,0.32,S,0.01
C,2017-03-03 18:18:23.098,0.422,S,0.01
C,2017-03-03 18:19:21.018,0.482,S,0.01
C,2017-03-03 18:23:15.918,0.357,S,0.01
C,2017-03-03 18:25:20.928,0.465,S,0.01
C,2017-03-03 18:33:11.918,0.337,S,0.01
C,2017-03-03 18:33:59.288,0.55,S,0.01
C,2017-03-03 18:39:59.358,0.395,S,0.01
C,2017-03-03 18:40:42.058,0.525,S,0.01
C,2017-03-03 18:42:24.478,0.308,S,0.01
C,2017-03-03 18:44:46.938,0.328,S,0.01
C,2017-03-03 18:47:30.678,0.393,S,0.01
C,2017-03-03 18:53:30.378,0.319,S,0.01
C,2017-03-03 18:54:18.438,0.55,S,0.01
C,2017-03-03 18:54:42.548,0.385,S,0.01
C,2017-03-03 18:58:18.158,0.388,S,0.01
C,2017-03-03 19:00:52.558,0.344,S,0.01
C,2017-03-03 19:03:25.848,0.572,S,0.01
C,2017-03-03 19:04:23.288,0.392,S,0.01
C,2017-03-03 19:07:44.458,0.658,S,0.01
C,2017-03-03 19:08:09.338,0.61,S,0.01
C,2017-03-03 19:08:19.088,0.849,S,0.01
C,2017-03-03 19:08:27.958,0.31,S,0.01
C,2017-03-03 19:09:39.798,0.398,S,0.01
C,2017-03-03 19:12:28.088,0.711,S,0.01
C,2017-03-03 19:13:44.888,0.374,S,0.01
C,2017-03-03 19:15:12.778,0.353,S,0.01
C,2017-03-03 19:15:59.478,0.516,S,0.01
C,2017-03-03 19:18:42.638,0.428,S,0.01
C,2017-03-03 19:18:47.918,0.366,S,0.01
C,2017-03-03 19:19:16.018,0.311,S,0.01
C,2017-03-03 19:22:08.668,0.595,S,0.01
C,2017-03-03 19:26:51.578,0.515,S,0.01
C,2017-03-03 19:31:45.018,0.685,S,0.01
C,2017-03-03 19:31:54.998,0.421,S,0.01
C,2017-03-03 19:36:33.128,0.578,S,0.01
C,2017-03-03 19:37:45.018,0.478,S,0.01
C,2017-03-03 19:38:15.098,0.572,S,0.01
C,2017-03-03 19:40:09.458,0.355,S,0.01
C,2017-03-03 19:47:20.378,0.451,S,0.01
C,2017-03-03 19:48:23.598,0.46,S,0.01
C,2017-03-03 19:48:28.438,0.334,S,0.01
C,2017-03-03 19:50:04.078,0.466,S,0.01
C,2017-03-03 19:51:54.298,0.442,S,0.01
C,2017-03-03 19:54:05.558,0.343,S,0.01
C,2017-03-03 19:58:08.858,0.422,S,0.01
C,2017-03-03 19:58:39.188,0.533,S,0.01
C,2017-03-03 20:02:37.358,0.35,S,0.01
C,2017-03-03 20:03:44.828,0.737,S,0.01
C,2017-03-03 20:04:47.188,0.386,S,0.01
C,2017-03-03 20:06:42.638,0.413,S,0.01
C,2017-03-03 20:07:45.118,0.354,S,0.01
C,2017-03-03 20:08:04.758,0.322,S,0.01
C,2017-03-03 20:08:32.868,0.403,S,0.01
C,2017-03-03 20:09:01.518,0.322,S,0.01
C,2017-03-03 20:09:40.378,0.451,S,0.01
C,2017-03-03 20:11:16.458,0.631,S,0.01
C,2017-03-03 20:14:18.238,0.353,S,0.01
C,2017-03-03 20:14:33.158,0.459,S,0.01
C,2017-03-03 20:15:26.098,0.348,S,0.01
C,2017-03-03 20:17:30.798,0.321,S,0.01
C,2017-03-03 20:18:13.818,0.616,S,0.01
C,2017-03-03 20:18:52.248,0.46,S,0.01
C,2017-03-03 20:19:49.728,0.47,S,0.01
C,2017-03-03 20:20:31.998,0.421,S,0.01
C,2017-03-03 20:24:08.878,0.303,S,0.01
C,2017-03-03 20:25:14.458,0.439,S,0.01
C,2017-03-03 20:25:25.988,0.681,S,0.01
C,2017-03-03 20:26:04.238,0.491,S,0.01
C,2017-03-03 20:27:49.848,0.494,S,0.01
C,2017-03-03 20:29:44.878,0.314,S,0.01
C,2017-03-03 20:32:57.058,0.326,S,0.01
C,2017-03-03 20:33:51.248,0.404,S,0.01
C,2017-03-03 20:35:01.758,0.31,S,0.01
C,2017-03-03 20:38:33.208,0.327,S,0.01
C,2017-03-03 20:39:49.358,0.374,S,0.01
C,2017-03-03 20:40:52.218,0.399,S,0.01
C,2017-03-03 20:44:27.658,0.583,S,0.01
C,2017-03-03 20:46:57.038,0.319,S,0.01
C,2017-03-03 20:48:23.288,0.42,S,0.01
C,2017-03-03 20:52:56.078,0.327,S,0.01
C,2017-03-03 20:54:09.058,0.483,S,0.01
C,2017-03-03 20:55:20.298,0.377,S,0.01
C,2017-03-03 20:58:13.408,0.375,S,0.01
C,2017-03-03 20:58:42.698,0.564,S,0.01
